,calendarDate
0,2015-01-05
1,2015-01-06
2,2015-01-07
3,2015-01-08
4,2015-01-09
5,2015-01-12
6,2015-01-13
7,2015-01-14
8,2015-01-15
9,2015-01-16
10,2015-01-19
11,2015-01-20
12,2015-01-21
13,2015-01-22
14,2015-01-23
15,2015-01-26
16,2015-01-27
17,2015-01-28
18,2015-01-29
19,2015-01-30
20,2015-02-02
21,2015-02-03
22,2015-02-04
23,2015-02-05
24,2015-02-06
25,2015-02-09
26,2015-02-10
27,2015-02-11
28,2015-02-12
29,2015-02-13
30,2015-02-16
31,2015-02-17
32,2015-02-25
33,2015-02-26
34,2015-02-27
35,2015-03-02
36,2015-03-03
37,2015-03-04
38,2015-03-05
39,2015-03-06
40,2015-03-09
41,2015-03-10
42,2015-03-11
43,2015-03-12
44,2015-03-13
45,2015-03-16
46,2015-03-17
47,2015-03-18
48,2015-03-19
49,2015-03-20
50,2015-03-23
51,2015-03-24
52,2015-03-25
53,2015-03-26
54,2015-03-27
55,2015-03-30
56,2015-03-31
57,2015-04-01
58,2015-04-02
59,2015-04-03
60,2015-04-07
61,2015-04-08
62,2015-04-09
63,2015-04-10
64,2015-04-13
65,2015-04-14
66,2015-04-15
67,2015-04-16
68,2015-04-17
69,2015-04-20
70,2015-04-21
71,2015-04-22
72,2015-04-23
73,2015-04-24
74,2015-04-27
75,2015-04-28
76,2015-04-29
77,2015-04-30
78,2015-05-04
79,2015-05-05
80,2015-05-06
81,2015-05-07
82,2015-05-08
83,2015-05-11
84,2015-05-12
85,2015-05-13
86,2015-05-14
87,2015-05-15
88,2015-05-18
89,2015-05-19
90,2015-05-20
91,2015-05-21
92,2015-05-22
93,2015-05-25
94,2015-05-26
95,2015-05-27
96,2015-05-28
97,2015-05-29
98,2015-06-01
99,2015-06-02
100,2015-06-03
101,2015-06-04
102,2015-06-05
103,2015-06-08
104,2015-06-09
105,2015-06-10
106,2015-06-11
107,2015-06-12
108,2015-06-15
109,2015-06-16
110,2015-06-17
111,2015-06-18
112,2015-06-19
113,2015-06-23
114,2015-06-24
115,2015-06-25
116,2015-06-26
117,2015-06-29
118,2015-06-30
119,2015-07-01
120,2015-07-02
121,2015-07-03
122,2015-07-06
123,2015-07-07
124,2015-07-08
125,2015-07-09
126,2015-07-10
127,2015-07-13
128,2015-07-14
129,2015-07-15
130,2015-07-16
131,2015-07-17
132,2015-07-20
133,2015-07-21
134,2015-07-22
135,2015-07-23
136,2015-07-24
137,2015-07-27
138,2015-07-28
139,2015-07-29
140,2015-07-30
141,2015-07-31
142,2015-08-03
143,2015-08-04
144,2015-08-05
145,2015-08-06
146,2015-08-07
147,2015-08-10
148,2015-08-11
149,2015-08-12
150,2015-08-13
151,2015-08-14
152,2015-08-17
153,2015-08-18
154,2015-08-19
155,2015-08-20
156,2015-08-21
157,2015-08-24
158,2015-08-25
159,2015-08-26
160,2015-08-27
161,2015-08-28
162,2015-08-31
163,2015-09-01
164,2015-09-02
165,2015-09-07
166,2015-09-08
167,2015-09-09
168,2015-09-10
169,2015-09-11
170,2015-09-14
171,2015-09-15
172,2015-09-16
173,2015-09-17
174,2015-09-18
175,2015-09-21
176,2015-09-22
177,2015-09-23
178,2015-09-24
179,2015-09-25
180,2015-09-28
181,2015-09-29
182,2015-09-30
183,2015-10-08
184,2015-10-09
185,2015-10-12
186,2015-10-13
187,2015-10-14
188,2015-10-15
189,2015-10-16
190,2015-10-19
191,2015-10-20
192,2015-10-21
193,2015-10-22
194,2015-10-23
195,2015-10-26
196,2015-10-27
197,2015-10-28
198,2015-10-29
199,2015-10-30
200,2015-11-02
201,2015-11-03
202,2015-11-04
203,2015-11-05
204,2015-11-06
205,2015-11-09
206,2015-11-10
207,2015-11-11
208,2015-11-12
209,2015-11-13
210,2015-11-16
211,2015-11-17
212,2015-11-18
213,2015-11-19
214,2015-11-20
215,2015-11-23
216,2015-11-24
217,2015-11-25
218,2015-11-26
219,2015-11-27
220,2015-11-30
221,2015-12-01
222,2015-12-02
223,2015-12-03
224,2015-12-04
225,2015-12-07
226,2015-12-08
227,2015-12-09
228,2015-12-10
229,2015-12-11
230,2015-12-14
231,2015-12-15
232,2015-12-16
233,2015-12-17
234,2015-12-18
235,2015-12-21
236,2015-12-22
237,2015-12-23
238,2015-12-24
239,2015-12-25
240,2015-12-28
241,2015-12-29
242,2015-12-30
243,2015-12-31
244,2016-01-04
245,2016-01-05
246,2016-01-06
247,2016-01-07
248,2016-01-08
249,2016-01-11
250,2016-01-12
251,2016-01-13
252,2016-01-14
253,2016-01-15
254,2016-01-18
255,2016-01-19
256,2016-01-20
257,2016-01-21
258,2016-01-22
259,2016-01-25
260,2016-01-26
261,2016-01-27
262,2016-01-28
263,2016-01-29
264,2016-02-01
265,2016-02-02
266,2016-02-03
267,2016-02-04
268,2016-02-05
269,2016-02-15
270,2016-02-16
271,2016-02-17
272,2016-02-18
273,2016-02-19
274,2016-02-22
275,2016-02-23
276,2016-02-24
277,2016-02-25
278,2016-02-26
279,2016-02-29
280,2016-03-01
281,2016-03-02
282,2016-03-03
283,2016-03-04
284,2016-03-07
285,2016-03-08
286,2016-03-09
287,2016-03-10
288,2016-03-11
289,2016-03-14
290,2016-03-15
291,2016-03-16
292,2016-03-17
293,2016-03-18
294,2016-03-21
295,2016-03-22
296,2016-03-23
297,2016-03-24
298,2016-03-25
299,2016-03-28
300,2016-03-29
301,2016-03-30
302,2016-03-31
303,2016-04-01
304,2016-04-05
305,2016-04-06
306,2016-04-07
307,2016-04-08
308,2016-04-11
309,2016-04-12
310,2016-04-13
311,2016-04-14
312,2016-04-15
313,2016-04-18
314,2016-04-19
315,2016-04-20
316,2016-04-21
317,2016-04-22
318,2016-04-25
319,2016-04-26
320,2016-04-27
321,2016-04-28
322,2016-04-29
323,2016-05-03
324,2016-05-04
325,2016-05-05
326,2016-05-06
327,2016-05-09
328,2016-05-10
329,2016-05-11
330,2016-05-12
331,2016-05-13
332,2016-05-16
333,2016-05-17
334,2016-05-18
335,2016-05-19
336,2016-05-20
337,2016-05-23
338,2016-05-24
339,2016-05-25
340,2016-05-26
341,2016-05-27
342,2016-05-30
343,2016-05-31
344,2016-06-01
345,2016-06-02
346,2016-06-03
347,2016-06-06
348,2016-06-07
349,2016-06-08
350,2016-06-13
351,2016-06-14
352,2016-06-15
353,2016-06-16
354,2016-06-17
355,2016-06-20
356,2016-06-21
357,2016-06-22
358,2016-06-23
359,2016-06-24
360,2016-06-27
361,2016-06-28
362,2016-06-29
363,2016-06-30
364,2016-07-01
365,2016-07-04
366,2016-07-05
367,2016-07-06
368,2016-07-07
369,2016-07-08
370,2016-07-11
371,2016-07-12
372,2016-07-13
373,2016-07-14
374,2016-07-15
375,2016-07-18
376,2016-07-19
377,2016-07-20
378,2016-07-21
379,2016-07-22
380,2016-07-25
381,2016-07-26
382,2016-07-27
383,2016-07-28
384,2016-07-29
385,2016-08-01
386,2016-08-02
387,2016-08-03
388,2016-08-04
389,2016-08-05
390,2016-08-08
391,2016-08-09
392,2016-08-10
393,2016-08-11
394,2016-08-12
395,2016-08-15
396,2016-08-16
397,2016-08-17
398,2016-08-18
399,2016-08-19
400,2016-08-22
401,2016-08-23
402,2016-08-24
403,2016-08-25
404,2016-08-26
405,2016-08-29
406,2016-08-30
407,2016-08-31
408,2016-09-01
409,2016-09-02
410,2016-09-05
411,2016-09-06
412,2016-09-07
413,2016-09-08
414,2016-09-09
415,2016-09-12
416,2016-09-13
417,2016-09-14
418,2016-09-19
419,2016-09-20
420,2016-09-21
421,2016-09-22
422,2016-09-23
423,2016-09-26
424,2016-09-27
425,2016-09-28
426,2016-09-29
427,2016-09-30
428,2016-10-10
429,2016-10-11
430,2016-10-12
431,2016-10-13
432,2016-10-14
433,2016-10-17
434,2016-10-18
435,2016-10-19
436,2016-10-20
437,2016-10-21
438,2016-10-24
439,2016-10-25
440,2016-10-26
441,2016-10-27
442,2016-10-28
443,2016-10-31
444,2016-11-01
445,2016-11-02
446,2016-11-03
447,2016-11-04
448,2016-11-07
449,2016-11-08
450,2016-11-09
451,2016-11-10
452,2016-11-11
453,2016-11-14
454,2016-11-15
455,2016-11-16
456,2016-11-17
457,2016-11-18
458,2016-11-21
459,2016-11-22
460,2016-11-23
461,2016-11-24
462,2016-11-25
463,2016-11-28
464,2016-11-29
465,2016-11-30
466,2016-12-01
467,2016-12-02
468,2016-12-05
469,2016-12-06
470,2016-12-07
471,2016-12-08
472,2016-12-09
473,2016-12-12
474,2016-12-13
475,2016-12-14
476,2016-12-15
477,2016-12-16
478,2016-12-19
479,2016-12-20
480,2016-12-21
481,2016-12-22
482,2016-12-23
483,2016-12-26
484,2016-12-27
485,2016-12-28
486,2016-12-29
487,2016-12-30
488,2017-01-03
489,2017-01-04
490,2017-01-05
491,2017-01-06
492,2017-01-09
493,2017-01-10
494,2017-01-11
495,2017-01-12
496,2017-01-13
497,2017-01-16
498,2017-01-17
499,2017-01-18
500,2017-01-19
501,2017-01-20
502,2017-01-23
503,2017-01-24
504,2017-01-25
505,2017-01-26
506,2017-02-03
507,2017-02-06
508,2017-02-07
509,2017-02-08
510,2017-02-09
511,2017-02-10
512,2017-02-13
513,2017-02-14
514,2017-02-15
515,2017-02-16
516,2017-02-17
517,2017-02-20
518,2017-02-21
519,2017-02-22
520,2017-02-23
521,2017-02-24
522,2017-02-27
523,2017-02-28
524,2017-03-01
525,2017-03-02
526,2017-03-03
527,2017-03-06
528,2017-03-07
529,2017-03-08
530,2017-03-09
531,2017-03-10
532,2017-03-13
533,2017-03-14
534,2017-03-15
535,2017-03-16
536,2017-03-17
537,2017-03-20
538,2017-03-21
539,2017-03-22
540,2017-03-23
541,2017-03-24
542,2017-03-27
543,2017-03-28
544,2017-03-29
545,2017-03-30
546,2017-03-31
547,2017-04-05
548,2017-04-06
549,2017-04-07
550,2017-04-10
551,2017-04-11
552,2017-04-12
553,2017-04-13
554,2017-04-14
555,2017-04-17
556,2017-04-18
557,2017-04-19
558,2017-04-20
559,2017-04-21
560,2017-04-24
561,2017-04-25
562,2017-04-26
563,2017-04-27
564,2017-04-28
565,2017-05-02
566,2017-05-03
567,2017-05-04
568,2017-05-05
569,2017-05-08
570,2017-05-09
571,2017-05-10
572,2017-05-11
573,2017-05-12
574,2017-05-15
575,2017-05-16
576,2017-05-17
577,2017-05-18
578,2017-05-19
579,2017-05-22
580,2017-05-23
581,2017-05-24
582,2017-05-25
583,2017-05-26
584,2017-05-31
585,2017-06-01
586,2017-06-02
587,2017-06-05
588,2017-06-06
589,2017-06-07
590,2017-06-08
591,2017-06-09
592,2017-06-12
593,2017-06-13
594,2017-06-14
595,2017-06-15
596,2017-06-16
597,2017-06-19
598,2017-06-20
599,2017-06-21
600,2017-06-22
601,2017-06-23
602,2017-06-26
603,2017-06-27
604,2017-06-28
605,2017-06-29
606,2017-06-30
607,2017-07-03
608,2017-07-04
609,2017-07-05
610,2017-07-06
611,2017-07-07
612,2017-07-10
613,2017-07-11
614,2017-07-12
615,2017-07-13
616,2017-07-14
617,2017-07-17
618,2017-07-18
619,2017-07-19
620,2017-07-20
621,2017-07-21
622,2017-07-24
623,2017-07-25
624,2017-07-26
625,2017-07-27
626,2017-07-28
627,2017-07-31
628,2017-08-01
629,2017-08-02
630,2017-08-03
631,2017-08-04
632,2017-08-07
633,2017-08-08
634,2017-08-09
635,2017-08-10
636,2017-08-11
637,2017-08-14
638,2017-08-15
639,2017-08-16
640,2017-08-17
641,2017-08-18
642,2017-08-21
643,2017-08-22
644,2017-08-23
645,2017-08-24
646,2017-08-25
647,2017-08-28
648,2017-08-29
649,2017-08-30
650,2017-08-31
651,2017-09-01
652,2017-09-04
653,2017-09-05
654,2017-09-06
655,2017-09-07
656,2017-09-08
657,2017-09-11
658,2017-09-12
659,2017-09-13
660,2017-09-14
661,2017-09-15
662,2017-09-18
663,2017-09-19
664,2017-09-20
665,2017-09-21
666,2017-09-22
667,2017-09-25
668,2017-09-26
669,2017-09-27
670,2017-09-28
671,2017-09-29
672,2017-10-09
673,2017-10-10
674,2017-10-11
675,2017-10-12
676,2017-10-13
677,2017-10-16
678,2017-10-17
679,2017-10-18
680,2017-10-19
681,2017-10-20
682,2017-10-23
683,2017-10-24
684,2017-10-25
685,2017-10-26
686,2017-10-27
687,2017-10-30
688,2017-10-31
689,2017-11-01
690,2017-11-02
691,2017-11-03
692,2017-11-06
693,2017-11-07
694,2017-11-08
695,2017-11-09
696,2017-11-10
697,2017-11-13
698,2017-11-14
699,2017-11-15
700,2017-11-16
701,2017-11-17
702,2017-11-20
703,2017-11-21
704,2017-11-22
705,2017-11-23
706,2017-11-24
707,2017-11-27
708,2017-11-28
709,2017-11-29
710,2017-11-30
711,2017-12-01
712,2017-12-04
713,2017-12-05
714,2017-12-06
715,2017-12-07
716,2017-12-08
717,2017-12-11
718,2017-12-12
719,2017-12-13
720,2017-12-14
721,2017-12-15
722,2017-12-18
723,2017-12-19
724,2017-12-20
725,2017-12-21
726,2017-12-22
727,2017-12-25
728,2017-12-26
729,2017-12-27
730,2017-12-28
731,2017-12-29
